{"song_time": [11.994731903076172, 9.660064935684204], "words_len_list": [592, 554], "ave token time:": 52.92130000262808, "ave song time": 10.827398419380188}